Date,n_long,n_short,gross_exposure,gross_pnl,costs,net_pnl,ret_on_exposure,ret_on_capital,equity
2018-01-12,1,2,25.0,0.13437647339703318,0.125,0.00937647339703318,0.00037505893588132724,0.000284441712665905,1.0003750589358813
2018-01-19,4,1,30.0,-0.03704692952595956,0.15000000000000002,-0.18704692952595958,-0.00623489765086532,-0.005674196121550038,0.9941378228309378
2018-01-26,4,0,20.0,-0.34122839116761894,0.1,-0.4412283911676189,-0.022061419558380944,-0.013384964042051266,0.9722057312226091
2018-02-02,15,0,75.0,0.49830248842600455,0.375,0.12330248842600455,0.001644033179013394,0.0037404650446678546,0.973804069701566
2018-02-09,5,0,25.0,0.14041043486045457,0.125,0.01541043486045457,0.0006164173944181828,0.00046748604715510754,0.9744043394688852
2018-02-16,1,0,5.0,0.08098656359285861,0.025,0.055986563592858606,0.01119731271857172,0.001698390573973166,0.9853150495722517
2018-03-02,3,0,15.0,-0.6376927679832334,0.07500000000000001,-0.7126927679832333,-0.047512851198882225,-0.0216200209765324,0.938499922237906
2018-03-09,9,0,45.0,0.26925008378921256,0.225,0.04425008378921255,0.0009833351953158346,0.0013423564580896637,0.9394227822422437
2018-03-16,3,0,15.0,-0.4568846337365512,0.07500000000000001,-0.5318846337365513,-0.03545897558243675,-0.016135082962915687,0.9061118127451313
2018-03-23,8,0,40.0,1.0958623047698046,0.2,0.8958623047698047,0.022396557619245118,0.027176593746021424,0.9264055981687562
2018-04-06,0,1,10.0,-0.13560391043834663,0.05,-0.18560391043834662,-0.01856039104383466,-0.005630421153786562,0.9092111480015466
2018-04-13,1,1,15.0,-1.0828427249789745,0.07500000000000001,-1.1578427249789744,-0.0771895149985983,-0.03512394839140527,0.8390295804559884
2018-04-20,2,1,20.0,1.4011018252985785,0.1,1.3011018252985784,0.06505509126492892,0.03946981086276666,0.8936127263865279
2018-04-27,3,0,15.0,-0.054873055632067014,0.07500000000000001,-0.12987305563206702,-0.008658203708804468,-0.003939787680177085,0.8858756453646932
2018-05-04,5,0,25.0,0.31586943977591264,0.125,0.19086943977591264,0.007634777591036506,0.005790154575879322,0.8926391088903687
2018-05-11,4,0,20.0,-0.4885678430949886,0.1,-0.5885678430949886,-0.029428392154749426,-0.017854606761107818,0.8663701751412768
2018-05-18,11,1,65.0,0.9621441467993502,0.325,0.6371441467993502,0.009802217643066926,0.01932820204961145,0.8748625241574737
2018-05-25,1,1,15.0,-0.05475578251114721,0.07500000000000001,-0.12975578251114722,-0.008650385500743148,-0.003936230120106082,0.8672946260633583
2018-06-01,2,0,10.0,0.8086809720698107,0.05,0.7586809720698107,0.07586809720698107,0.023015104498760937,0.9330946190606253
2018-06-15,1,1,15.0,0.022117231477523647,0.07500000000000001,-0.052882768522476364,-0.0035255179014984242,-0.0016042348345815458,0.9298049772773351
2018-06-22,3,0,15.0,0.13412251921124552,0.07500000000000001,0.059122519211245506,0.0039415012807497,0.001793521925513125,0.9334698047861213
2018-06-29,7,0,35.0,-1.046535474354922,0.17500000000000002,-1.221535474354922,-0.034901013552997774,-0.03705611136460021,0.9008907624779666
2018-07-06,5,0,25.0,0.8663272471524724,0.125,0.7413272471524724,0.029653089886098896,0.022488667422942803,0.927604957235282
2018-07-13,2,3,40.0,-1.9804995819380684,0.2,-2.1804995819380686,-0.05451248954845171,-0.06614694131697746,0.8770389016989018
2018-07-20,7,2,55.0,-0.24374057461822574,0.275,-0.5187405746182258,-0.009431646811240469,-0.01573634896894079,0.8687669805383595
2018-07-27,2,4,50.0,-0.6112061066764629,0.25,-0.8612061066764629,-0.01722412213352926,-0.026125274350898085,0.8538032319599894
2018-08-03,1,1,15.0,0.2327849752922484,0.07500000000000001,0.1577849752922484,0.010518998352816559,0.004786514791294066,0.8627843867506061
2018-08-10,3,0,15.0,0.5975611247686957,0.07500000000000001,0.5225611247686957,0.03483740831791304,0.015852247962316005,0.8928415587221572
2018-08-17,1,2,25.0,-0.26108140118353385,0.125,-0.38608140118353385,-0.015443256047341354,-0.01171204250585772,0.8790531779211036
2018-08-24,1,0,5.0,0.03699102050036651,0.025,0.01199102050036651,0.002398204100073302,0.000363755781445018,0.8811613268565766
2018-08-31,0,1,10.0,-0.2586098145578397,0.05,-0.3086098145578397,-0.03086098145578397,-0.009361889111327753,0.8539678234889018
2018-09-07,6,0,30.0,-0.46668657849910866,0.15000000000000002,-0.6166865784991087,-0.020556219283303624,-0.018707607768808435,0.8364134736483784
2018-09-14,1,0,5.0,-0.4382563741041007,0.025,-0.4632563741041007,-0.09265127482082014,-0.01405319792143397,0.7589186990375456
2018-09-21,12,0,60.0,-2.355437870877749,0.30000000000000004,-2.6554378708777486,-0.04425729784796248,-0.08055451808879038,0.7253310081318527
2018-09-28,13,0,65.0,-2.8775809517025692,0.325,-3.2025809517025694,-0.04927047618003953,-0.09715247644617823,0.6895936039730481
2018-10-05,21,0,105.0,4.733052535117256,0.525,4.208052535117256,0.04007669081064053,0.12765414238316747,0.7172302336244712
2018-10-12,4,4,60.0,-0.5164053000071772,0.30000000000000004,-0.8164053000071773,-0.013606755000119621,-0.024766211338800404,0.7074710575568645
2018-10-19,5,1,35.0,0.5629787724653479,0.175,0.3879787724653479,0.011085107784724225,0.011769600557175078,0.7153134504844552
2018-10-26,11,0,55.0,3.0083908255299985,0.275,2.7333908255299986,0.04969801500963634,0.08291927411056606,0.7508631090832264
2018-11-02,1,7,75.0,-0.2611678332203904,0.37500000000000006,-0.6361678332203904,-0.008482237776271872,-0.019298584911617313,0.7444941096545517
2018-11-09,2,0,10.0,-0.11118753885933197,0.05,-0.16118753885933196,-0.016118753885933194,-0.0048897338767107746,0.7324937923315029
2018-11-16,2,1,20.0,0.2553670271797348,0.1,0.1553670271797348,0.00776835135898674,0.004713164686927719,0.7381840614786107
2018-11-23,6,0,30.0,0.2940221960748962,0.15000000000000002,0.1440221960748962,0.004800739869163207,0.004369011501318857,0.7417278911333319
2018-11-30,3,0,15.0,-1.0469839819148297,0.07500000000000001,-1.1219839819148296,-0.0747989321276553,-0.03403614897478886,0.6862474369472609
2018-12-07,8,0,40.0,1.383892792358496,0.2,1.183892792358496,0.0295973198089624,0.03591419494431907,0.7065585218066697
2018-12-21,1,0,5.0,0.083178582482204,0.025,0.058178582482204,0.011635716496440799,0.001764886961333333,0.7147798364545564
2018-12-28,1,0,5.0,-0.21576570806379314,0.025,-0.24076570806379313,-0.048153141612758625,-0.007303791889875531,0.6803609417678157
2019-01-04,5,0,25.0,0.07829309808540075,0.125,-0.04670690191459925,-0.0018682760765839702,-0.0014168857107951368,0.6790898396968688
2019-01-18,4,0,20.0,-0.3175388374169458,0.1,-0.41753883741694575,-0.020876941870847286,-0.012666325279287372,0.6649125205884342
2019-01-25,10,0,50.0,0.7370287735201558,0.25,0.48702877352015583,0.009740575470403117,0.014774349863935105,0.6713891511764418
2019-02-01,3,0,15.0,0.007372413766094654,0.07500000000000001,-0.06762758623390536,-0.004508505748927024,-0.0020515289317537804,0.6683621893285956
2019-02-08,5,0,25.0,-0.7459766126044115,0.125,-0.8709766126044115,-0.03483906450417646,-0.026421669309010742,0.645077075902424
2019-02-15,11,0,55.0,2.0183485724313632,0.275,1.7433485724313633,0.03169724677147933,0.05288566742725893,0.6655242431639274
2019-02-22,1,1,15.0,0.1474603024222232,0.07500000000000001,0.07246030242222318,0.004830686828148212,0.002198132671904988,0.6687391823591927
2019-03-01,1,0,5.0,0.1343037214885956,0.025,0.1093037214885956,0.02186074429771912,0.003315802906326232,0.6833583186266129
2019-03-08,1,0,5.0,0.1105937136204882,0.025,0.0855937136204882,0.017118742724097642,0.002596543653965908,0.6950565538715539
2019-03-15,1,2,25.0,0.5777163785784706,0.125,0.4527163785784706,0.01810865514313882,0.013733459971796123,0.7076430933105924
2019-03-22,5,0,25.0,0.3100316468186687,0.125,0.18503164681866868,0.007401265872746747,0.00561306114675779,0.712880547987197
2019-03-29,1,0,5.0,0.2459718889269802,0.025,0.2209718889269802,0.04419437778539604,0.006703332892438852,0.7443858602408034
2019-04-12,1,0,5.0,0.10756612101622931,0.025,0.08256612101622932,0.016513224203245865,0.002504699568333189,0.756678070844686
2019-04-26,5,0,25.0,-0.4424558074436169,0.125,-0.5674558074436169,-0.022698232297744675,-0.01721415876704217,0.7395028162180439
2019-05-03,1,0,5.0,-0.37485545419503996,0.025,-0.39985545419504,-0.079971090839008,-0.012129887794064204,0.6803639693265685
2019-05-10,9,0,45.0,0.01245931970340508,0.225,-0.21254068029659492,-0.00472312622881322,-0.006447566430878885,0.6771505244179027
2019-05-17,2,2,30.0,-0.07140814001838414,0.15000000000000002,-0.22140814001838416,-0.007380271333946139,-0.006716566866699428,0.6721529698137746
2019-05-24,1,7,75.0,0.5794765393333257,0.37500000000000006,0.2044765393333256,0.0027263538577776748,0.0062029352172397155,0.6739854966560431
2019-05-31,2,0,10.0,-0.01714781617481176,0.05,-0.06714781617481176,-0.006714781617481176,-0.0020369747799404148,0.6694598312326482
2019-06-07,1,1,15.0,0.16307171004760368,0.07500000000000001,0.08807171004760367,0.005871447336506911,0.00267171536489208,0.6733905293756375
2019-06-14,1,0,5.0,0.0765699467339509,0.025,0.0515699467339509,0.010313989346790179,0.0015644094906445112,0.6803358721218473
2019-06-21,1,0,5.0,0.10199004975124382,0.025,0.07699004975124382,0.015398009950248764,0.002335545645168275,0.6908116906502908
2019-07-05,2,0,10.0,0.3749071500225898,0.05,0.3249071500225898,0.03249071500225898,0.009856279892935587,0.7132566564114382
2019-07-12,8,0,40.0,-0.8748062554140673,0.2,-1.0748062554140674,-0.026870156385351684,-0.03260498047920005,0.6940913385107698
2019-07-19,7,0,35.0,0.09162694369262148,0.17500000000000002,-0.08337305630737854,-0.0023820873230679584,-0.0025291785004973514,0.6924379523322519
2019-07-26,4,1,30.0,-0.0764399423595985,0.15000000000000002,-0.22643994235959852,-0.007547998078653284,-0.00686921002102056,0.6872114319984615
2019-08-02,9,0,45.0,-1.13774456183094,0.225,-1.3627445618309402,-0.030283212485132004,-0.04133978529880846,0.6664004621810402
2019-08-09,3,0,15.0,-0.08751342510519622,0.07500000000000001,-0.16251342510519623,-0.010834228340346416,-0.004929955539867536,0.6591805274076584
2019-08-16,3,0,15.0,-0.43434904988877254,0.07500000000000001,-0.5093490498887725,-0.03395660332591817,-0.015451450663845066,0.6367969957183071
2019-08-23,8,0,40.0,1.3736335119632637,0.2,1.1736335119632637,0.029340837799081594,0.03560297267953208,0.6554811530806204
2019-09-06,3,0,15.0,-0.0462718509806076,0.07500000000000001,-0.12127185098060761,-0.008084790065373841,-0.0036788642734274664,0.6501817255661544
2019-09-20,0,1,10.0,-0.16224130426180317,0.05,-0.21224130426180315,-0.021224130426180314,-0.00643848465477165,0.6363821838220194
2019-09-27,3,1,25.0,-0.7288747710745487,0.125,-0.8538747710745487,-0.034154990842981944,-0.025902873287466623,0.6146465561609414
2019-10-04,12,0,60.0,1.0735530715259851,0.30000000000000004,0.7735530715259851,0.012892551192099751,0.023466259774431043,0.6225709183512941
2019-10-11,1,1,15.0,0.036594920663231,0.07500000000000001,-0.03840507933676901,-0.0025603386224512673,-0.0011650442633450028,0.6209769259838243
2019-10-18,1,5,55.0,-2.0636413114510095,0.275,-2.3386413114510094,-0.04252075111729108,-0.07094427849076415,0.5945725206644856
2019-10-25,3,0,15.0,0.7041401241430983,0.07500000000000001,0.6291401241430983,0.041942674942873216,0.01908539456579975,0.6195104826286809
2019-11-01,0,3,30.0,-0.419737443904844,0.15000000000000002,-0.569737443904844,-0.018991248130161467,-0.017283373764539818,0.6077452053338436
2019-11-08,5,0,25.0,-0.025656380164650883,0.125,-0.15065638016465088,-0.006026255206586035,-0.004570263998364047,0.6040827776259228
2019-11-15,2,0,10.0,0.13687546643605164,0.05,0.08687546643605164,0.008687546643605163,0.002635426499427675,0.6093307749331466
2019-11-22,2,0,10.0,-0.04919051271753849,0.05,-0.0991905127175385,-0.00991905127175385,-0.0030090118238391287,0.6032867917351272
2019-11-29,1,0,5.0,-0.02183406113537123,0.025,-0.04683406113537123,-0.009366812227074247,-0.0014207431724447468,0.5976359176378703
2019-12-06,5,0,25.0,0.9562047560891018,0.125,0.8312047560891018,0.033248190243564076,0.02521516292818991,0.6175062303238812
2019-12-13,1,0,5.0,0.09682187730968184,0.025,0.07182187730968184,0.014364375461936368,0.0021787656108863285,0.6263763216663384
2020-01-03,1,0,5.0,0.04744388925961407,0.025,0.022443889259614068,0.004488777851922814,0.0006808506812282427,0.6291879858260032
2020-01-17,1,2,25.0,0.3748122192615455,0.125,0.2498122192615455,0.00999248877046182,0.007578223974283104,0.635475139708879
2020-01-24,5,0,25.0,-1.498770748287997,0.125,-1.623770748287997,-0.06495082993151988,-0.04925819261279792,0.5942005019839388
2020-01-31,11,0,55.0,2.7484212353096904,0.275,2.4734212353096905,0.04497129518744892,0.07503291936372537,0.620922468159189
2020-02-07,2,3,40.0,-2.465804813466939,0.2,-2.665804813466939,-0.06664512033667348,-0.080869006359627,0.5795410155489755
2020-02-14,8,1,50.0,0.3234788285629958,0.25,0.07347882856299581,0.0014695765712599163,0.0022290303567390358,0.5803926954475105
2020-02-28,35,0,175.0,-1.8314066063116456,0.875,-2.7064066063116456,-0.015465180607495119,-0.08210068942478758,0.5714168175891439
2020-03-06,9,0,45.0,-6.084962658468644,0.225,-6.309962658468644,-0.14022139241041431,-0.1914170188975983,0.4912919557800664
2020-03-13,42,0,210.0,-26.582318980932428,1.05,-27.63231898093243,-0.13158247133777345,-0.8382452339014728,0.4266465460901572
2020-03-20,37,0,185.0,-5.924188987353773,0.925,-6.849188987353773,-0.03702264317488526,-0.20777481718785584,0.41085096325246406
2020-03-27,22,3,140.0,1.0025449817970982,0.7000000000000001,0.3025449817970981,0.0021610355842649866,0.009177908274988636,0.4117388268038822
2020-04-03,22,2,130.0,11.364795591742952,0.65,10.714795591742952,0.08242150455186886,0.32504062880877915,0.44567496039147947
2020-04-10,0,30,300.0,-8.22543833020417,1.5,-9.72543833020417,-0.03241812776734723,-0.29502780181141536,0.4312270125828011
2020-04-17,5,5,75.0,7.124593219034095,0.375,6.749593219034095,0.08999457625378793,0.20475351165905334,0.47003510484937716
2020-04-24,22,1,120.0,11.957138586244714,0.6000000000000001,11.357138586244714,0.09464282155203928,0.34452654144762246,0.5145205534008308
2020-05-01,0,14,140.0,10.484420136403317,0.7000000000000001,9.784420136403318,0.0698887152600237,0.296817055111779,0.5504797338528913
2020-05-08,26,0,130.0,2.3930331124318993,0.65,1.7430331124318994,0.013407947018706918,0.052876097733118535,0.5578605369592627
2020-05-15,5,3,55.0,0.6588527810935546,0.275,0.3838527810935546,0.006979141474428265,0.011644435796124408,0.561753924569702
2020-05-22,11,3,85.0,4.337226295479697,0.42500000000000004,3.912226295479697,0.046026191711525846,0.11868005173191622,0.5876093183966491
2020-05-29,1,11,115.0,-6.032526881999017,0.5750000000000001,-6.607526881999017,-0.05745675549564363,-0.20044383247506342,0.553847193462571
2020-06-05,0,7,70.0,1.4683485800825247,0.35000000000000003,1.1183485800825246,0.015976408286893208,0.03392586658186523,0.562695682353879
2020-06-12,4,2,40.0,2.055490331151455,0.2,1.855490331151455,0.04638725827878638,0.056287564127760675,0.5887975923035863
2020-06-19,2,5,60.0,-3.058636692247619,0.3,-3.358636692247619,-0.055977278204126985,-0.1018865337225552,0.5558383056732883
2020-06-26,0,1,10.0,0.9874522640480088,0.05,0.9374522640480087,0.09374522640480087,0.028438253513598938,0.6079454934830916
2020-07-03,1,1,15.0,-0.18667981944818113,0.07500000000000001,-0.26167981944818114,-0.01744532129654541,-0.007938235716372507,0.5973396890184922
2020-07-10,2,3,40.0,0.14067590405940467,0.2,-0.059324095940595345,-0.0014831023985148837,-0.0017996368930176458,0.5964537730929808
2020-07-17,3,2,35.0,0.5093218984075654,0.17500000000000002,0.3343218984075653,0.009552054240216152,0.010141882703453701,0.6021511318853464
2020-07-24,2,4,50.0,0.10013773361952749,0.25,-0.1498622663804725,-0.0029972453276094504,-0.004546174015354574,0.6003463372187883
2020-07-31,3,2,35.0,-0.13962207120395975,0.17500000000000002,-0.3146220712039598,-0.008989202034398852,-0.009544275015387425,0.5949497027029172
2020-08-07,0,3,30.0,-0.8944267163849928,0.15000000000000002,-1.0444267163849927,-0.034814223879499756,-0.03168339645229236,0.5742369905559761
2020-08-14,2,2,30.0,-0.2230088082901771,0.15000000000000002,-0.37300880829017713,-0.012433626943005904,-0.011315476488537491,0.5670971420385287
2020-08-21,0,2,20.0,-1.9373988623950167,0.1,-2.0373988623950168,-0.10186994311975084,-0.06180588343444477,0.5093269884356905
2020-08-28,0,6,60.0,4.7332827180249115,0.30000000000000004,4.433282718024912,0.07388804530041519,0.1344866535264913,0.5469601640299507
2020-09-04,9,0,45.0,-1.255878631959399,0.225,-1.4808786319593992,-0.0329084140435422,-0.0449234628509855,0.5289605724867293
2020-09-11,5,1,35.0,0.1456815698166808,0.175,-0.0293184301833192,-0.00083766943380912,-0.0008893945666883404,0.5285174783834671
2020-09-18,0,4,40.0,-0.4376486266395774,0.2,-0.6376486266395773,-0.015941215665989432,-0.019343505789480755,0.5200922672773114
2020-09-25,23,1,125.0,5.124274635727758,0.6250000000000001,4.499274635727758,0.03599419708582206,0.13648856333828094,0.538812570848503
2020-10-02,0,2,20.0,-0.25148915663268046,0.1,-0.35148915663268043,-0.01757445783163402,-0.010662663185044429,0.5293432320429716
2020-10-09,1,3,35.0,1.435619984045191,0.17500000000000002,1.260619984045191,0.0360177138298626,0.0382417666109026,0.5484089650924698
2020-10-16,3,0,15.0,0.42427251802777843,0.07500000000000001,0.3492725180277784,0.023284834535185227,0.010595419941829002,0.5611785771022602
2020-10-23,2,0,10.0,-0.39312460655692383,0.05,-0.4431246065569238,-0.04431246065569238,-0.01344248702858136,0.5363113734835988
2020-10-30,9,1,55.0,2.4298199963606013,0.275,2.1548199963606014,0.03917854538837457,0.06536793358209532,0.5573232729719275
2020-11-06,0,10,100.0,-8.423429478799594,0.5,-8.923429478799594,-0.08923429478799594,-0.2706983165553793,0.5075909237393398
2020-11-13,1,7,75.0,-4.139311107552686,0.37500000000000006,-4.514311107552686,-0.06019081476736915,-0.13694470496181377,0.4770386124709474
2020-11-20,0,3,30.0,-0.6060320224378613,0.15000000000000002,-0.7560320224378613,-0.025201067414595376,-0.022934746805823227,0.46501673023870205
2020-11-27,1,1,15.0,0.3279621918415415,0.07500000000000001,0.2529621918415415,0.016864146122769434,0.0076737805399091745,0.47285884032697995
2020-12-04,2,7,80.0,-0.719110365411112,0.4,-1.119110365411112,-0.0139888795676389,-0.03394897585913527,0.4662440749571524
2020-12-25,4,0,20.0,0.8124518223821497,0.1,0.7124518223821498,0.03562259111910749,0.021612711727465133,0.48285289700105755
2021-01-01,0,1,10.0,-0.45077105575326293,0.05,-0.500771055753263,-0.0500771055753263,-0.015191231363919954,0.4586730215005834
2021-01-08,1,4,45.0,1.5665425218770002,0.225,1.341542521877,0.029812056041711114,0.04069660696286631,0.47234700732237983
2021-01-15,6,1,40.0,0.2243967120781154,0.2,0.02439671207811539,0.0006099178019528847,0.0007400908927136538,0.472635100170845
2021-01-22,8,1,50.0,-1.4868876875219261,0.25,-1.7368876875219261,-0.03473775375043852,-0.052689672078990876,0.45621681844729634
2021-01-29,19,1,105.0,7.128493729132714,0.525,6.603493729132714,0.0628904164679306,0.20032148403336703,0.48490848415912113
2021-02-05,0,21,210.0,-4.594090639260003,1.05,-5.6440906392600025,-0.0268766220917143,-0.17121733725397106,0.4718757820813104
2021-02-12,2,2,30.0,-1.854983138310831,0.15000000000000002,-2.004983138310831,-0.0668327712770277,-0.06082253034577407,0.44033901586630164
2021-02-19,2,1,20.0,-0.4343107128618723,0.1,-0.5343107128618723,-0.02671553564309361,-0.016208679727098652,0.4285751231928807
2021-02-26,12,1,70.0,2.2045657427816026,0.35000000000000003,1.8545657427816025,0.026493796325451464,0.05625951610924712,0.43992970521690816
2021-03-05,1,3,35.0,0.3989003033509875,0.17500000000000002,0.22390030335098746,0.006397151524313928,0.006792168340361493,0.4427440022012275
2021-03-19,9,0,45.0,-0.8410755200825287,0.225,-1.0660755200825287,-0.023690567112945083,-0.03234012767096606,0.43225514570322543
2021-03-26,6,1,40.0,-0.5001009219407049,0.2,-0.7001009219407048,-0.01750252304851762,-0.02123803874266871,0.4246895900527144
2021-04-02,0,3,30.0,-3.480126225397042,0.15000000000000002,-3.630126225397042,-0.12100420751323474,-0.1101223537915721,0.37330036276926515
2021-04-09,3,2,35.0,0.26930507065837106,0.17500000000000002,0.09430507065837104,0.0026944305902391725,0.002860808608451206,0.3743061946860581
2021-04-16,6,0,30.0,-0.5605297698010631,0.15000000000000002,-0.7105297698010631,-0.023684325660035435,-0.021554404952108502,0.36544100487454484
2021-04-23,9,0,45.0,0.7044951246180492,0.225,0.4794951246180492,0.010655447213734428,0.014545811488620473,0.3693349422117196
2021-04-30,1,4,45.0,-2.211702232381719,0.225,-2.436702232381719,-0.054148938497371533,-0.07391902337768,0.3493358471409669
2021-05-07,1,3,35.0,1.6164274889173114,0.17500000000000002,1.4414274889173113,0.04118364254049461,0.04372668553201292,0.36372276979620133
2021-05-14,4,0,20.0,0.5130270269915677,0.1,0.4130270269915677,0.020651351349578385,0.0125294564342241,0.3712341365091045
2021-05-21,1,4,45.0,-0.7897396845617027,0.225,-1.0147396845617027,-0.02254977076803784,-0.03078282010357092,0.36286289182955367
2021-05-28,1,0,5.0,0.27432712215320953,0.025,0.24932712215320954,0.04986542443064191,0.007563508222799394,0.3809572039407645
2021-06-04,0,2,20.0,0.7355401269149875,0.1,0.6355401269149875,0.03177700634574938,0.019279543012920466,0.3930628834278491
2021-06-11,1,0,5.0,-0.3562062937062932,0.025,-0.3812062937062932,-0.07624125874125864,-0.01156415279705788,0.3630952744308413
2021-06-18,9,0,45.0,1.7455343939477246,0.225,1.5205343939477245,0.033789653198838324,0.04612644742518584,0.37536413783199646
2021-06-25,1,1,15.0,-0.25860330670450793,0.07500000000000001,-0.33360330670450794,-0.022240220446967197,-0.010120083734260248,0.3670159566587271
2021-07-02,3,0,15.0,0.471770182119427,0.07500000000000001,0.396770182119427,0.026451345474628466,0.01203629396234648,0.37672402252300835
2021-07-16,1,0,5.0,-0.0549011052937759,0.025,-0.07990110529377589,-0.015980221058755177,-0.0024238544995873997,0.3707038893649472
2021-07-23,2,0,10.0,-0.098782786741336,0.05,-0.148782786741336,-0.0148782786741336,-0.004513427264594196,0.3651884535933903
2021-07-30,2,3,40.0,0.25750583864112,0.2,0.057505838641119966,0.0014376459660279991,0.00174447881828843,0.36571346530053883
2021-08-06,2,0,10.0,-0.10545019383724985,0.05,-0.15545019383724984,-0.015545019383724984,-0.004715687604180144,0.3600284423935527
2021-08-13,2,0,10.0,0.08367580193147484,0.05,0.03367580193147483,0.0033675801931474835,0.0010215784091935176,0.3612408670451269
2021-08-20,6,1,40.0,0.8362261393331949,0.2,0.6362261393331949,0.015905653483329875,0.019300353667297914,0.3669866391003644
2021-08-27,1,0,5.0,1.0044105854049723,0.025,0.9794105854049723,0.19588211708099446,0.029711087795956888,0.4388727589077826
2021-09-03,0,3,30.0,0.04927229132449251,0.15000000000000002,-0.10072770867550751,-0.0033575902891835835,-0.0030556437111674884,0.4373992039942866
2021-09-10,3,0,15.0,0.17836671699074103,0.07500000000000001,0.10336671699074101,0.006891114466049401,0.0031356998274853884,0.4404133719763702
2021-09-17,0,2,20.0,-0.39207946973169205,0.1,-0.49207946973169203,-0.0246039734865846,-0.014927566176692855,0.42957745304912626
2021-09-24,1,1,15.0,0.8298272969418474,0.07500000000000001,0.7548272969418475,0.050321819796123164,0.02289820063661137,0.45119457222994197
2021-10-01,10,2,70.0,1.5068792975272849,0.35,1.156879297527285,0.016526847107532643,0.035094722162866666,0.4586513959409348
2021-10-08,1,1,15.0,0.08670026664341468,0.07500000000000001,0.01170026664341467,0.0007800177762276446,0.00035493556498050304,0.4590091521828603
2021-10-15,2,1,20.0,0.3933432500718448,0.1,0.2933432500718448,0.01466716250359224,0.008898767470061766,0.46574151400856245
2021-10-22,14,0,70.0,-1.3705291830841593,0.35000000000000003,-1.7205291830841594,-0.024578988329773704,-0.05219342569488623,0.4542940587710549
2021-10-29,11,0,55.0,1.7719640144742765,0.275,1.4969640144742766,0.027217527535895937,0.04541142389536554,0.46665881982505
2021-11-05,0,1,10.0,-0.03246251352604812,0.05,-0.08246251352604812,-0.008246251352604813,-0.002501556564486831,0.4628106339008627
2021-11-12,1,3,35.0,0.5114512811374161,0.17500000000000002,0.33645128113741607,0.009612893746783317,0.010206478980215025,0.4672595833494332
2021-11-19,4,1,30.0,-0.927122633135472,0.15000000000000002,-1.0771226331354722,-0.035904087771182404,-0.03267524937650914,0.450483054256929
2021-11-26,20,0,100.0,1.0147038446767072,0.5,0.5147038446767072,0.005147038446767072,0.01561389201422916,0.4528017078568065
2021-12-03,1,0,5.0,-0.09950112384189469,0.025,-0.12450112384189468,-0.024900224768378935,-0.003776826467147406,0.4415268435556662
2021-12-10,1,0,5.0,-0.16027759418374143,0.025,-0.18527759418374143,-0.037055518836748284,-0.005620522127745492,0.4251658372873592
2021-12-17,13,0,65.0,-0.6577836972605328,0.325,-0.9827836972605328,-0.015119749188623582,-0.029813413443626608,0.4187374364640032
2021-12-24,1,0,5.0,0.16772823779193202,0.025,0.14272823779193203,0.028545647558386407,0.004329758394682729,0.4306905677448069
2022-01-07,1,2,25.0,-0.4182395277974338,0.125,-0.5432395277974338,-0.02172958111189735,-0.0164795414151563,0.421331842118867
2022-01-14,2,1,20.0,-0.18101041852422395,0.1,-0.2810104185242239,-0.014050520926211197,-0.008524642617477493,0.41541191025429675
2022-01-21,13,0,65.0,-2.9564379858327188,0.325,-3.281437985832719,-0.050483661320503366,-0.09954465833524866,0.39444039606851544
2022-01-28,16,0,80.0,3.500092144257972,0.4,3.1000921442579723,0.03875115180322465,0.09404340860326713,0.40972541573389054
2022-02-11,1,0,5.0,-0.15783540022547893,0.025,-0.18283540022547892,-0.03656708004509578,-0.005546436509119377,0.3947429536602392
2022-02-18,6,0,30.0,-0.7169482226743262,0.15000000000000002,-0.8669482226743263,-0.028898274089144207,-0.02629946535423153,0.3833355635906072
2022-02-25,16,0,80.0,-2.0721839374292292,0.4,-2.472183937429229,-0.030902299217865366,-0.07499538508902594,0.37148961330368124
2022-03-04,17,2,105.0,1.538629647367048,0.525,1.0136296473670479,0.00965361568920998,0.030749146368532078,0.3750758312630482
2022-03-11,0,1,10.0,-0.04358446285741557,0.05,-0.09358446285741558,-0.009358446285741558,-0.002838948479553593,0.3715657042430931
2022-03-25,5,0,25.0,0.9728410322793557,0.125,0.8478410322793557,0.033913641291174225,0.02571983570776993,0.3841668502528959
2022-04-01,2,0,10.0,0.37157051329764323,0.05,0.32157051329764325,0.032157051329764326,0.009755060743219015,0.3965205233756722
2022-04-08,0,1,10.0,-0.31308703819661776,0.05,-0.36308703819661775,-0.036308703819661774,-0.011014492828840622,0.3821233771340076
2022-04-15,1,0,5.0,-0.29812528577960684,0.025,-0.32312528577960686,-0.06462505715592137,-0.00980222582638509,0.3574286320461087
2022-04-22,6,0,30.0,0.012505623893788176,0.15000000000000002,-0.13749437610621185,-0.004583145870207061,-0.004170985632397309,0.3557904844872528
2022-04-29,9,0,45.0,-2.895738695623835,0.225,-3.120738695623835,-0.06934974879164078,-0.09466973581420006,0.33111650376560564
2022-05-06,20,0,100.0,-5.362711984971202,0.5,-5.862711984971202,-0.05862711984971202,-0.1778493648155375,0.31170409681512184
2022-05-13,22,0,110.0,5.083797377024476,0.55,4.533797377024476,0.0412163397911316,0.137535834230498,0.3245513987837417
2022-05-20,1,3,35.0,0.5249222519421476,0.17500000000000002,0.34992225194214754,0.009997778626918502,0.010615130063060588,0.3277961918218383
2022-05-27,7,0,35.0,0.9269056204885179,0.17500000000000002,0.7519056204885178,0.021483017728243365,0.022809569589622672,0.3348382432219975
2022-06-03,2,1,20.0,0.6274336118638935,0.1,0.5274336118638935,0.026371680593194675,0.0160000581800402,0.3436684904226344
2022-06-10,3,0,15.0,-1.130737679235846,0.07500000000000001,-1.2057376792358458,-0.08038251194905639,-0.036576874479927024,0.3160435538847228
2022-06-17,25,0,125.0,2.048456544120951,0.625,1.4234565441209508,0.011387652352967606,0.04318152467039105,0.31964254800475844
2022-06-24,1,2,25.0,0.4337330521220695,0.125,0.3087330521220695,0.012349322084882779,0.009365627606852667,0.3235899167821018
2022-07-01,1,0,5.0,-0.12021371326803199,0.025,-0.14521371326803198,-0.029042742653606395,-0.004405156987658492,0.3141919781036973
2022-07-08,1,2,25.0,-0.05722626341335246,0.125,-0.18222626341335246,-0.0072890505365340984,-0.00552795792866034,0.31190181689712587
2022-07-15,6,0,30.0,1.4753015132678937,0.15000000000000002,1.3253015132678936,0.044176717108929786,0.04020392489482379,0.32568061522795144
2022-07-22,0,4,40.0,-0.34633436619159963,0.2,-0.5463343661915996,-0.01365835915478999,-0.016573425447668915,0.32123235241541515
2022-07-29,3,5,65.0,0.999978169799704,0.325,0.6749781697997039,0.010384279535380061,0.02047592292968849,0.3245681189587046
2022-08-05,0,1,10.0,-1.3095238095238093,0.05,-1.3595238095238094,-0.13595238095238094,-0.04124208158190752,0.2804423104050331
2022-08-12,0,1,10.0,0.04858299595141613,0.05,-0.0014170040485838725,-0.00014170040485838724,-4.298578381945274e-05,0.28040257161610926
2022-08-19,0,1,10.0,0.39114475797201065,0.05,0.34114475797201066,0.03411447579720107,0.01034885879964823,0.28996835835898
2022-09-02,1,0,5.0,0.13376717281272654,0.025,0.10876717281272655,0.02175343456254531,0.0032995263364656376,0.29627616606775076
2022-09-16,6,0,30.0,-0.006724919567731025,0.15000000000000002,-0.15672491956773105,-0.0052241639855910346,-0.00475435727822541,0.29472837079119063
2022-09-23,4,0,20.0,0.17738380317385838,0.1,0.07738380317385837,0.003869190158692919,0.002347490423674444,0.2958687309029435
2022-09-30,6,0,30.0,0.37499791158373985,0.15000000000000002,0.22499791158373983,0.007499930386124661,0.006825465034367905,0.2980877257881467
2022-10-07,1,1,15.0,0.996041118793064,0.07500000000000001,0.921041118793064,0.061402741252870936,0.027940410234418685,0.31639112928537305
2022-10-14,4,0,20.0,0.4806064009944322,0.1,0.3806064009944322,0.019030320049721612,0.01154595464268232,0.32241215373656656
2022-10-21,0,1,10.0,-0.02943136383829481,0.05,-0.07943136383829481,-0.007943136383829482,-0.0024096045723013596,0.3198511900276328
2022-11-04,0,1,10.0,-0.45809691515033,0.05,-0.5080969151503301,-0.050809691515033006,-0.01541346630294412,0.3035996497316126
2022-11-11,2,1,20.0,0.7489131385853182,0.1,0.6489131385853182,0.03244565692926591,0.019685222438642888,0.3134501398106498
2022-11-18,2,0,10.0,-0.19425328425114852,0.05,-0.2442532842511485,-0.02442532842511485,-0.007409589891083328,0.3057940172008765
2022-11-25,0,1,10.0,-0.055404023184453255,0.05,-0.10540402318445326,-0.010540402318445326,-0.0031975028997521665,0.30257082523300566
2022-12-09,3,0,15.0,-0.21545036946229057,0.07500000000000001,-0.2904503694622906,-0.019363357964152707,-0.008811009964624812,0.2967120380345099
2022-12-16,3,0,15.0,-0.14212678916523835,0.07500000000000001,-0.21712678916523837,-0.014475119277682557,-0.006586689169869642,0.2924170958928361
2022-12-23,12,0,60.0,3.5156314219216203,0.30000000000000004,3.2156314219216204,0.05359385703202701,0.09754837135709184,0.3080888559238373
2022-12-30,0,3,30.0,0.6427047535521146,0.15000000000000002,0.4927047535521146,0.016423491785070486,0.014946534587656357,0.3131487507181742
2023-01-06,6,0,30.0,-0.2605736144456333,0.15000000000000002,-0.41057361444563334,-0.013685787148187778,-0.01245503049209298,0.3088630635701244
2023-01-20,1,0,5.0,-1.0050200367460904,0.025,-1.0300200367460903,-0.20600400734921806,-0.031246360004067057,0.24523603475252248
2023-01-27,9,1,55.0,-1.8966533641277934,0.275,-2.1716533641277933,-0.03948460662050533,-0.06587858526902382,0.23555298639114655
2023-02-03,4,1,30.0,2.4652293309036724,0.15000000000000002,2.3152293309036724,0.07717431103012241,0.07023406010035177,0.25373162582697106
2023-02-10,2,2,30.0,0.8799064974322546,0.15000000000000002,0.7299064974322546,0.02433021658107515,0.022142211194380867,0.2599049712368096
2023-02-17,1,1,15.0,-1.0911008761115475,0.07500000000000001,-1.1661008761115474,-0.0777400584074365,-0.035374465035791655,0.23969994359247693
2023-02-24,3,0,15.0,1.690886689039558,0.07500000000000001,1.615886689039558,0.10772577926930386,0.04901902430074415,0.26552180680678467
2023-03-03,1,2,25.0,-0.26641146139741556,0.125,-0.39141146139741556,-0.015656458455896624,-0.011873733516075765,0.26136467566937965
2023-03-17,1,0,5.0,-0.05365017148456663,0.025,-0.07865017148456663,-0.015730034296913324,-0.0023859065696934427,0.2572534003570987
2023-03-24,5,0,25.0,0.298884130051143,0.125,0.173884130051143,0.00695536520204572,0.005274893626085233,0.25904269170605043
2023-04-21,2,0,10.0,0.228381099056838,0.05,0.17838109905683802,0.017838109905683804,0.005411312246564668,0.26366352371096713
2023-04-28,0,1,10.0,-0.07704160246533087,0.05,-0.12704160246533086,-0.012704160246533086,-0.0038538936180945787,0.26031390005457744
2023-05-05,1,0,5.0,0.6305320040995066,0.025,0.6055320040995066,0.12110640081990132,0.018369226150055484,0.29183957957357887
2023-05-12,3,1,25.0,-0.4536092263265612,0.125,-0.5786092263265612,-0.023144369053062448,-0.017552505332409565,0.28508513663963736
2023-05-26,0,1,10.0,0.39027649497907047,0.05,0.3402764949790705,0.03402764949790705,0.010322519449841673,0.2947859137462739
2023-06-02,1,0,5.0,-0.014544279250160996,0.025,-0.039544279250161,-0.0079088558500322,-0.0011996026693376646,0.29245449444783456
2023-06-09,1,0,5.0,0.06655378392361633,0.025,0.041553783923616326,0.008310756784723265,0.0012605623635344862,0.29488501262178973
2023-06-23,1,1,15.0,-0.003027251602697456,0.07500000000000001,-0.07802725160269747,-0.005201816773513165,-0.0023670098704175113,0.29335107481687606
2023-07-07,1,0,5.0,0.2548040693293141,0.025,0.2298040693293141,0.04596081386586282,0.00697126310605296,0.30683372896388533
2023-07-14,1,1,15.0,0.35726077839270287,0.07500000000000001,0.28226077839270286,0.01881738522618019,0.008562573136488127,0.3126075374421841
2023-07-21,2,0,10.0,0.011754665814259768,0.05,-0.038245334185740235,-0.0038245334185740233,-0.0011601982852864421,0.31141195946833833
2023-07-28,1,1,15.0,0.11436922183253428,0.07500000000000001,0.039369221832534274,0.0026246147888356183,0.001194292183233116,0.3122292959025792
2023-08-04,4,0,20.0,0.08335492102738817,0.1,-0.016645078972611832,-0.0008322539486305916,-0.0005049398179839147,0.3119694418381861
2023-08-11,0,1,10.0,-0.4677060133630295,0.05,-0.5177060133630296,-0.05177060133630296,-0.015704964847979182,0.2958185962356724
2023-09-01,0,1,10.0,-0.32837038547827824,0.05,-0.3783703854782782,-0.03783703854782782,-0.011478123587654357,0.284625696606739
2023-09-08,0,1,10.0,0.0992555831265518,0.05,0.0492555831265518,0.00492555831265518,0.0014942016928568553,0.2860276370726556
2023-09-15,2,0,10.0,-0.22937625320978594,0.05,-0.27937625320978593,-0.02793762532097859,-0.00847506909861431,0.2780367041166749
2023-09-22,4,0,20.0,-0.05549840686250751,0.1,-0.15549840686250752,-0.007774920343125376,-0.004717150179169312,0.2758749908897027
2023-09-29,1,0,5.0,-0.024124959110238264,0.025,-0.049124959110238266,-0.009824991822047654,-0.001490239124272458,0.2731645213603039
2023-10-06,1,0,5.0,0.09506751171121541,0.025,0.07006751171121542,0.014013502342243083,0.002125545734463725,0.2769925130202042
2023-10-27,2,0,10.0,0.4430762945864447,0.05,0.3930762945864447,0.03930762945864447,0.011924237365821697,0.28788043208482117
2023-11-03,0,1,10.0,-0.412017167381975,0.05,-0.462017167381975,-0.0462017167381975,-0.01401560574072133,0.2745798619071684
2023-11-10,0,1,10.0,-0.34979361875207005,0.05,-0.39979361875207003,-0.039979361875207,-0.012128011973747006,0.2636023342443373
2023-11-24,1,0,5.0,0.13465783664459163,0.025,0.10965783664459164,0.02193156732891833,0.0033265452309921705,0.26938354658587704
2023-12-08,0,2,20.0,-1.1446635072256117,0.1,-1.2446635072256118,-0.06223317536128059,-0.03775771600866754,0.2526189530917545
2023-12-22,2,0,10.0,0.3633965684280005,0.05,0.3133965684280005,0.03133965684280005,0.009507098553224052,0.2605359443936375
2024-01-05,3,1,25.0,-0.5410122089317743,0.125,-0.6660122089317743,-0.02664048835727097,-0.02020393439444918,0.25359513960036817
2024-01-19,3,0,15.0,-0.31645311533371745,0.07500000000000001,-0.39145311533371746,-0.026096874355581164,-0.01187499711662997,0.2469770991050313
2024-01-26,4,0,20.0,0.14541092538679412,0.1,0.045410925386794115,0.002270546269339706,0.001377571379325872,0.24753787203601657
2024-02-02,1,2,25.0,-0.007981762930130976,0.125,-0.13298176293013098,-0.005319270517205239,-0.004034092435344213,0.24622115113140366
2024-02-09,1,2,25.0,-1.2422434182811322,0.125,-1.3672434182811322,-0.05468973673124529,-0.04147626117620343,0.23275538119836303
2024-02-16,1,2,25.0,-0.36152221514131555,0.125,-0.48652221514131555,-0.01946088860565262,-0.014758983070179983,0.22822575465249548
2024-02-23,2,1,20.0,0.49476467937553115,0.1,0.39476467937553117,0.01973823396877656,0.011975455669411057,0.23273052799552704
2024-03-01,2,0,10.0,0.038436897057246844,0.05,-0.011563102942753159,-0.001156310294275316,-0.0003507746106131501,0.2324614192902137
2024-03-08,0,1,10.0,0.5950523986237255,0.05,0.5450523986237255,0.054505239862372545,0.0165345360875494,0.24513178470737432
2024-03-15,13,0,65.0,2.323527514356382,0.325,1.9985275143563819,0.030746577143944336,0.0606266945921621,0.25266874803631234
2024-03-22,5,0,25.0,-0.3160110780334141,0.125,-0.4410110780334141,-0.017640443121336565,-0.013378371699977585,0.24821155935803843
2024-04-05,0,1,10.0,-0.4008908685968815,0.05,-0.4508908685968815,-0.04508908685968815,-0.01367808188201066,0.2370199267985652
2024-04-19,2,0,10.0,0.41804788823595507,0.05,0.3680478882359551,0.03680478882359551,0.011164983596714426,0.24574339515137048
2024-04-26,2,0,10.0,-0.04301127012116712,0.05,-0.09301127012116713,-0.009301127012116713,-0.002821560287140254,0.24345770462067878
2024-05-03,1,0,5.0,-0.11813360038574194,0.025,-0.14313360038574194,-0.028626720077148386,-0.004342055345311359,0.23648830905987753
2024-05-10,11,0,55.0,1.6909840011361847,0.275,1.4159840011361848,0.025745163657021543,0.042954839984736315,0.2425767392795964
2024-05-17,0,1,10.0,-0.25908693231528,0.05,-0.30908693231528,-0.030908693231528,-0.009376362803762327,0.235079009260099
2024-05-24,1,2,25.0,-0.1384481055563208,0.125,-0.2634481055563208,-0.010537924222252833,-0.007991877880945993,0.2326017644742738
2024-05-31,5,0,25.0,1.3268607212613848,0.125,1.2018607212613848,0.04807442885045539,0.03645926431675647,0.24378396145098263
2024-06-07,1,4,45.0,0.38805742169550794,0.225,0.16305742169550794,0.003623498259900176,0.00494645804729017,0.24466731221109184
2024-06-21,3,0,15.0,0.5198374386863236,0.07500000000000001,0.4448374386863236,0.029655829245754904,0.013494446958905464,0.2519231242440418
2024-07-12,1,0,5.0,0.08385879916418593,0.025,0.058858799164185925,0.011771759832837184,0.0017855217981012886,0.2548887027589807
2024-07-19,3,0,15.0,0.42989368801593875,0.07500000000000001,0.35489368801593874,0.023659579201062583,0.010765941965506306,0.26091926220936285
2024-07-26,2,1,20.0,-0.34392706046602495,0.1,-0.4439270604660249,-0.022196353023301245,-0.013466830014966027,0.25512780615478453
2024-08-02,1,1,15.0,-0.07115519651405,0.07500000000000001,-0.14615519651405,-0.009743679767603335,-0.004433717523758168,0.2526419225118011
2024-08-09,0,1,10.0,-0.3618936071040135,0.05,-0.4118936071040135,-0.04118936071040135,-0.012495073369255611,0.24223576323489326
2024-09-06,5,0,25.0,-0.07286223365940481,0.125,-0.1978622336594048,-0.007914489346376192,-0.00600228574549044,0.2403185908674594
2024-09-13,1,0,5.0,-0.08920912677989334,0.025,-0.11420912677989334,-0.022841825355978666,-0.0034646117199702412,0.23482927558507
2024-09-20,1,0,5.0,0.027771943335900273,0.025,0.002771943335900272,0.0005543886671800543,8.408879079481968e-05,0.2349594622741765
2024-10-04,22,0,110.0,0.8203997573146199,0.55,0.27039975731461985,0.0024581796119510896,0.008202760976141804,0.2355370348339739
2024-10-11,1,1,15.0,0.4331809509898893,0.07500000000000001,0.3581809509898893,0.02387873006599262,0.010865663328827142,0.24116136010931866
2024-10-18,7,0,35.0,-1.1040791691639495,0.17500000000000002,-1.2790791691639496,-0.03654511911896999,-0.03880173857554957,0.2323480894772308
2024-10-25,20,0,100.0,2.876522663751863,0.5,2.376522663751863,0.02376522663751863,0.07209343513743736,0.23786989448245163
2024-11-01,3,0,15.0,0.6663653804094571,0.07500000000000001,0.5913653804094572,0.03942435869396381,0.017939471962690537,0.24724776252502312
2024-11-08,6,0,30.0,-0.9468252777139297,0.15000000000000002,-1.0968252777139296,-0.03656084259046432,-0.033272942531562225,0.23820817599850125
2024-11-15,13,0,65.0,0.272853101086345,0.325,-0.05214689891365504,-0.0008022599832870006,-0.0015819117283379812,0.23801707111120587
2024-11-22,2,0,10.0,0.7621557301576709,0.05,0.7121557301576709,0.07121557301576709,0.02160372956798239,0.254967593217925
2024-11-29,0,1,10.0,-0.17558816962020218,0.05,-0.22558816962020217,-0.022558816962020216,-0.006843370914297057,0.249215825951275
2024-12-20,27,0,135.0,0.6250418653470502,0.675,-0.04995813465294985,-0.0003700602566885174,-0.0015155140723563734,0.24912360107875264
2025-01-10,17,0,85.0,1.0607032745803529,0.42500000000000004,0.6357032745803528,0.007478862053886504,0.019284492208571,0.2509867621255881
2025-01-17,5,0,25.0,0.07011427394044478,0.125,-0.05488572605955522,-0.002195429042382209,-0.0016649959169330467,0.2504357384987641
2025-01-24,6,1,40.0,0.6932440376585547,0.2,0.4932440376585547,0.012331100941463866,0.014962894138668132,0.2535238868695424
2025-02-07,5,0,25.0,-1.683075840430716,0.125,-1.808075840430716,-0.07232303361722864,-0.05484921322815102,0.23518827027670602
2025-02-14,17,0,85.0,1.5112393572638383,0.42500000000000004,1.0862393572638382,0.012779286556045155,0.032951811418032724,0.23819380857719266
2025-02-21,1,0,5.0,-0.15780995373405493,0.025,-0.18280995373405493,-0.036561990746810984,-0.005545664572454546,0.2294849687520457
2025-02-28,11,0,55.0,0.7449334453962514,0.275,0.46993344539625137,0.008544244461750025,0.014255751431001077,0.23144574442536023
2025-03-07,1,2,25.0,-1.4775909737694926,0.125,-1.6025909737694926,-0.0641036389507797,-0.04861568971401859,0.2166092299880225
2025-03-14,4,0,20.0,0.8016976009496746,0.1,0.7016976009496746,0.03508488004748373,0.0212864750889002,0.22420893883933007
2025-03-21,0,2,20.0,1.1254686716682583,0.1,1.0254686716682582,0.05127343358341291,0.031108291241656236,0.23570490097371594
2025-03-28,3,0,15.0,0.3728205732035572,0.07500000000000001,0.2978205732035572,0.019854704880237148,0.009034590119560874,0.24038475222137456
2025-04-04,12,0,60.0,-0.9372778050030384,0.30000000000000004,-1.2372778050030384,-0.02062129675005064,-0.03753366569673535,0.2354277069116302
2025-04-11,1,0,5.0,0.36601245666054716,0.025,0.34101245666054714,0.06820249133210943,0.010344845349172006,0.2514844630516091
2025-04-18,0,2,20.0,-0.14218599886999028,0.1,-0.2421859988699903,-0.012109299943499515,-0.007346877379727845,0.24843916225738724
2025-04-25,2,1,20.0,-0.3132426529250565,0.1,-0.41324265292505646,-0.020662132646252822,-0.012535997593913856,0.2433058793323012
2025-05-02,2,0,10.0,-0.10598794464233341,0.05,-0.1559879446423334,-0.01559879446423334,-0.004732000641449981,0.23951060092865709
2025-05-16,0,7,70.0,-1.139490720416405,0.35000000000000003,-1.4894907204164052,-0.0212784388630915,-0.04518471642539613,0.23441418924973434
2025-05-23,1,0,5.0,-0.21358201097992024,0.025,-0.23858201097992024,-0.047716402195984046,-0.007237547950157547,0.2232287875150485
2025-07-04,1,0,5.0,-0.08433337457214696,0.025,-0.10933337457214695,-0.02186667491442939,-0.003316702452830981,0.2183475161869147
2025-07-11,2,0,10.0,-0.2117199145205806,0.05,-0.2617199145205806,-0.026171991452058056,-0.007939452027727516,0.21263292685969265
2025-07-18,2,0,10.0,-0.24953975571795128,0.05,-0.2995397557179513,-0.029953975571795126,-0.00908674269314299,0.20626372536277812
2025-07-25,5,1,35.0,0.012170445143075415,0.175,-0.16282955485692457,-0.00465227299591213,-0.004939545551399452,0.20530413020323665
2025-08-01,4,0,20.0,-0.38205061654863925,0.1,-0.48205061654863923,-0.02410253082743196,-0.01462333407847509,0.20035578107601404
2025-08-08,1,0,5.0,0.2375923970432947,0.025,0.21259239704329472,0.042518479408658945,0.00644913529364657,0.20887460422810034
2025-08-15,0,1,10.0,-0.12913124081058713,0.05,-0.17913124081058712,-0.01791312408105871,-0.005434068308054279,0.20513300752518035
2025-08-22,0,1,10.0,-0.30803540316398426,0.05,-0.35803540316398424,-0.03580354031639842,-0.010861248036304868,0.1977885196200285
2025-08-29,2,0,10.0,0.6709587930417016,0.05,0.6209587930417015,0.062095879304170154,0.018837208309429154,0.21007037166210427
2025-09-05,0,1,10.0,-0.08030775278690339,0.05,-0.13030775278690337,-0.013030775278690338,-0.003952974514712527,0.20733299185626441
2025-09-12,1,0,5.0,-0.04875730994152061,0.025,-0.0737573099415206,-0.014751461988304121,-0.0022374782792040234,0.20427452710797536
2025-09-26,9,0,45.0,0.4359730974749909,0.225,0.2109730974749909,0.004688291054999798,0.006400012737326703,0.20523222554618
2025-10-31,2,0,10.0,0.04721909682283476,0.05,-0.002780903177165242,-0.0002780903177165242,-8.436059368773134e-05,0.2051751524513722
2025-11-07,3,0,15.0,0.17885642041191419,0.07500000000000001,0.10385642041191417,0.006923761360794279,0.003150555314609249,0.20659573624411007
2025-11-14,1,1,15.0,0.06598176085257645,0.07500000000000001,-0.009018239147423557,-0.0006012159431615704,-0.0002735744324871133,0.20647152759369092
2025-11-28,1,0,5.0,-0.032453293570738895,0.025,-0.057453293570738896,-0.01149065871414778,-0.001742884827757185,0.20409903373592306
2025-12-05,1,0,5.0,-0.16676644146070285,0.025,-0.19176644146070285,-0.03835328829214057,-0.005817365733495006,0.19627116465490188
2025-12-12,2,0,10.0,-0.08669122273489926,0.05,-0.13669122273489925,-0.013669122273489926,-0.004146621427349617,0.19358831010647376
2026-01-02,1,0,5.0,-0.1842593915154983,0.025,-0.2092593915154983,-0.04185187830309966,-0.0063480262987710215,0.1854862757109949
2026-01-09,4,0,20.0,-0.18480351549144125,0.1,-0.28480351549144123,-0.014240175774572062,-0.008639708799823249,0.1828449185410996
2026-01-23,8,0,40.0,1.303236546227438,0.2,1.103236546227438,0.027580913655685952,0.03346743273263509,0.1878879484517626
2026-01-30,2,0,10.0,0.08030444668963077,0.05,0.030304446689630768,0.003030444668963077,0.0009193060495984136,0.18845733248351065
2026-02-06,4,2,40.0,-0.9872572233926638,0.2,-1.1872572233926637,-0.029681430584816593,-0.03601625725335391,0.18286364925120163
2026-02-13,6,2,50.0,-0.29296222231280034,0.25,-0.5429622223128003,-0.010859244446256007,-0.01647112916423414,0.18087788818364842
2026-02-20,2,0,10.0,-0.7696844754635451,0.05,-0.8196844754635452,-0.08196844754635452,-0.024865687361761916,0.16605160849377165
2026-02-27,2,0,10.0,-0.3748364885591776,0.05,-0.4248364885591776,-0.04248364885591776,-0.012887704501670866,0.15899713026656193
2026-03-06,9,0,45.0,-2.9267031578458633,0.225,-3.1517031578458634,-0.07003784795213029,-0.09560906388492217,0.1478613134321274
2026-03-13,24,0,120.0,1.343381400950308,0.6000000000000001,0.7433814009503079,0.006194845007919233,0.022550981578766074,0.1487772913515068
2026-03-20,1,0,5.0,-0.1853824845514601,0.025,-0.2103824845514601,-0.04207649691029202,-0.006382096091656395,0.1425172641116335
2026-03-27,2,0,10.0,0.23887177669725035,0.05,0.18887177669725036,0.018887177669725037,0.005729554104533247,0.14520901299991307
2026-04-03,3,0,15.0,0.2830187232901449,0.07500000000000001,0.20801872329014487,0.013867914886009658,0.0063103897823616265,0.14722275923287734
2026-04-10,0,8,80.0,-0.9024347214710882,0.4,-1.302434721471088,-0.0162804340183886,-0.03951024517682704,0.14482590881518137
2026-04-24,7,1,45.0,0.7996366346565564,0.22500000000000003,0.5746366346565563,0.01276970299236792,0.017431994055888904,0.146675292656351
2026-05-01,2,1,20.0,0.15653653914567855,0.1,0.05653653914567855,0.0028268269572839276,0.0017150744572994902,0.1470899183275995
2026-05-08,2,0,10.0,0.4243931892548902,0.05,0.37439318925489024,0.037439318925489025,0.011357472628867785,0.15259686469059064
2026-05-15,12,0,60.0,0.7904801958648133,0.30000000000000004,0.4904801958648133,0.00817466993108022,0.014879051113677717,0.15384429369195393
2026-05-29,1,0,5.0,-0.012245666917859444,0.025,-0.037245666917859445,-0.007449133383571889,-0.001129872697218115,0.15269828702794117
2026-06-05,1,0,5.0,-0.10714779482925485,0.025,-0.13214779482925484,-0.026429558965850967,-0.004008793444468071,0.14866253864695175
